Stage,Precision,Recall,F1 Score
1,0.926509186351706,0.9540540540540541,0.9400798934753661
2,0.44765342960288806,0.6108374384236454,0.5166666666666666
3,0.9349593495934959,0.2918781725888325,0.4448742746615087
4,0.9783393501805054,0.41310975609756095,0.5809217577706323
5,0.7355769230769231,0.2751798561151079,0.4005235602094241
Overall,0.8046076477611038,0.50901185545584,0.5766132305567194
